{"data":{"sp_followers":{"max_value":409624,"min_value":28000,"artist_raw_value":184211,"artist_normalized_score":0.40933222229209903,"related_artists_average":118374.2,"related_artists_normalized_average":0.2368147705595036},"tiktok_likes":{"max_value":9600000,"min_value":38600,"artist_raw_value":3500000,"artist_normalized_score":0.3620181145020604,"related_artists_average":1994466.6666666667,"related_artists_normalized_average":0.20455860717747054},"ins_followers":{"max_value":1098209,"min_value":34357,"artist_raw_value":570684,"artist_normalized_score":0.5041368536224964,"related_artists_average":328542.5,"related_artists_normalized_average":0.2765285960829138},"sp_popularity":{"max_value":74,"min_value":53,"artist_raw_value":66,"artist_normalized_score":0.6190476190476191,"related_artists_average":61.42857142857143,"related_artists_normalized_average":0.4013605442176872},"tiktok_followers":{"max_value":392100,"min_value":6101,"artist_raw_value":135700,"artist_normalized_score":0.3357495744807629,"related_artists_average":134566.77777777778,"related_artists_normalized_average":0.3328137580091601},"facebook_followers":{"max_value":244966,"min_value":206,"artist_raw_value":103275,"artist_normalized_score":0.4211023042980879,"related_artists_average":79086.14285714286,"related_artists_normalized_average":0.32227546517871736},"tiktok_track_posts":{"max_value":386544,"min_value":17912,"artist_raw_value":34417,"artist_normalized_score":0.044773649601770875,"related_artists_average":146601.8,"related_artists_normalized_average":0.34910100045573905},"sp_monthly_listeners":{"max_value":16358660,"min_value":1932949,"artist_raw_value":5204100,"artist_normalized_score":0.22675838993308545,"related_artists_average":6070500,"related_artists_normalized_average":0.28681782131917105}}}